[
{
    "model": "study.topic",
    "pk": 1,
    "fields": {
        "title": "Family",
        "description": "Gia đình",
        "image": "topic_images/family.png"
    }
},
{
    "model": "study.topic",
    "pk": 2,
    "fields": {
        "title": "Food & Drink",
        "description": "Thức ăn và đồ uống",
        "image": "topic_images/food&drink.png"
    }
},
{
    "model": "study.topic",
    "pk": 3,
    "fields": {
        "title": "Travel",
        "description": "Du lịch",
        "image": "topic_images/travel.png"
    }
},
{
    "model": "study.topic",
    "pk": 4,
    "fields": {
        "title": "Technology",
        "description": "Công nghệ",
        "image": "topic_images/technology.png"
    }
},
{
    "model": "study.topic",
    "pk": 5,
    "fields": {
        "title": "Education",
        "description": "Giáo dục",
        "image": "topic_images/education.png"
    }
},
{
    "model": "study.topic",
    "pk": 6,
    "fields": {
        "title": "Work & Career",
        "description": "Công việc và sự nghiệp",
        "image": "topic_images/work&career.png"
    }
},
{
    "model": "study.vocabulary",
    "pk": 1,
    "fields": {
        "topic": 1,
        "word": "Ancestor",
        "phonetic": "/ˈænsestər/",
        "definition": "Tổ tiên",
        "example_sentence": "My ancestors came from Italy.",
        "meaning_sentence": "Tổ tiên của tôi đến từ Ý.",
        "audio": "vocab_audio/ancestor.mp3"
    }
},
{
    "model": "study.vocabulary",
    "pk": 2,
    "fields": {
        "topic": 1,
        "word": "Sibling",
        "phonetic": "/ˈsɪblɪŋ/",
        "definition": "Anh em ruột ",
        "example_sentence": "I have three siblings.",
        "meaning_sentence": "Tôi có ba anh chị em.",
        "audio": "vocab_audio/sibling.mp3"
    }
},
{
    "model": "study.vocabulary",
    "pk": 3,
    "fields": {
        "topic": 1,
        "word": "Relative",
        "phonetic": "/ˈrelətɪv/",
        "definition": "Họ hàng",
        "example_sentence": "All her relatives came to the wedding.",
        "meaning_sentence": "Tất cả họ hàng của cô ấy đã đến dự đám cưới.",
        "audio": "vocab_audio/relative.mp3"
    }
},
{
    "model": "study.vocabulary",
    "pk": 4,
    "fields": {
        "topic": 1,
        "word": "Spouse",
        "phonetic": "/spaʊs/",
        "definition": "Bạn đời",
        "example_sentence": "Involve your spouse in the decision.",
        "meaning_sentence": "Hãy để bạn đời của bạn tham gia vào quyết định.",
        "audio": "vocab_audio/spouse.mp3"
    }
},
{
    "model": "study.vocabulary",
    "pk": 5,
    "fields": {
        "topic": 1,
        "word": "Nephew",
        "phonetic": "/ˈnefjuː/",
        "definition": "Cháu trai",
        "example_sentence": "I am taking my nephew to the zoo.",
        "meaning_sentence": "Tôi đang đưa cháu trai đi vườn bách thú.",
        "audio": "vocab_audio/nephew.mp3"
    }
},
{
    "model": "study.vocabulary",
    "pk": 6,
    "fields": {
        "topic": 1,
        "word": "Niece",
        "phonetic": "/niːs/",
        "definition": "Cháu gái",
        "example_sentence": "My niece is very good at drawing.",
        "meaning_sentence": "Cháu gái tôi vẽ rất giỏi.",
        "audio": "vocab_audio/niece.mp3"
    }
},
{
    "model": "study.vocabulary",
    "pk": 7,
    "fields": {
        "topic": 1,
        "word": "Stepfather",
        "phonetic": "/ˈstepfɑːðər/",
        "definition": "Cha dượng",
        "example_sentence": "He has a good relationship with his stepfather.",
        "meaning_sentence": "Anh ấy có mối quan hệ tốt với cha dượng.",
        "audio": "vocab_audio/stepfather.mp3"
    }
},
{
    "model": "study.vocabulary",
    "pk": 8,
    "fields": {
        "topic": 1,
        "word": "Adopt",
        "phonetic": "/əˈdɒpt/",
        "definition": "Con nuôi",
        "example_sentence": "They decided to adopt a child.",
        "meaning_sentence": "Họ quyết định nhận nuôi một đứa trẻ.",
        "audio": "vocab_audio/adopt.mp3"
    }
},
{
    "model": "study.vocabulary",
    "pk": 9,
    "fields": {
        "topic": 1,
        "word": "Generation",
        "phonetic": "/ˌdʒenəˈreɪʃn/",
        "definition": "Thế hệ",
        "example_sentence": "The younger generation is very tech-savvy.",
        "meaning_sentence": "Thế hệ trẻ rất am hiểu công nghệ.",
        "audio": "vocab_audio/generation.mp3"
    }
},
{
    "model": "study.vocabulary",
    "pk": 10,
    "fields": {
        "topic": 1,
        "word": "Inherit",
        "phonetic": "/ɪnˈherɪt/",
        "definition": "Thừa kế",
        "example_sentence": "She inherited a fortune from her grandmother.",
        "meaning_sentence": "Cô ấy thừa kế một gia tài từ bà mình.",
        "audio": "vocab_audio/inherit.mp3"
    }
},
{
    "model": "study.vocabulary",
    "pk": 11,
    "fields": {
        "topic": 2,
        "word": "Beverage",
        "phonetic": "/ˈbevərɪdʒ/",
        "definition": "Nước giải khát",
        "example_sentence": "Hot beverages include tea and coffee.",
        "meaning_sentence": "Đồ uống nóng bao gồm trà và cà phê.",
        "audio": "vocab_audio/beverage.mp3"
    }
},
{
    "model": "study.vocabulary",
    "pk": 12,
    "fields": {
        "topic": 2,
        "word": "Nutritious",
        "phonetic": "/njuˈtrɪʃəs/",
        "definition": "Bổ dưỡng",
        "example_sentence": "Raw vegetables are more nutritious than cooked ones.",
        "meaning_sentence": "Rau sống bổ dưỡng hơn rau đã nấu chín.",
        "audio": "vocab_audio/nutritious.mp3"
    }
},
{
    "model": "study.vocabulary",
    "pk": 13,
    "fields": {
        "topic": 2,
        "word": "Ingredient",
        "phonetic": "/ɪnˈɡriːdiənt/",
        "definition": "Nguyên liệu",
        "example_sentence": "Mix all the ingredients together.",
        "meaning_sentence": "Trộn tất cả các nguyên liệu lại với nhau.",
        "audio": "vocab_audio/ingredient.mp3"
    }
},
{
    "model": "study.vocabulary",
    "pk": 14,
    "fields": {
        "topic": 2,
        "word": "Cuisine",
        "phonetic": "/kwɪˈziːn/",
        "definition": "Ẩm thực",
        "example_sentence": "I love Italian cuisine.",
        "meaning_sentence": "Tôi yêu ẩm thực Ý.",
        "audio": "vocab_audio/cuisine.mp3"
    }
},
{
    "model": "study.vocabulary",
    "pk": 15,
    "fields": {
        "topic": 2,
        "word": "Appetizer",
        "phonetic": "/ˈæpɪtaɪzər/",
        "definition": "Món khai vị",
        "example_sentence": "We had some olives as an appetizer.",
        "meaning_sentence": "Chúng tôi ăn một ít ô liu làm món khai vị.",
        "audio": "vocab_audio/appetizer.mp3"
    }
},
{
    "model": "study.vocabulary",
    "pk": 16,
    "fields": {
        "topic": 2,
        "word": "Dessert",
        "phonetic": "/dɪˈzɜːrt/",
        "definition": "Món tráng miệng",
        "example_sentence": "What's for dessert?",
        "meaning_sentence": "Món tráng miệng có gì vậy?",
        "audio": "vocab_audio/dessert.mp3"
    }
},
{
    "model": "study.vocabulary",
    "pk": 17,
    "fields": {
        "topic": 2,
        "word": "Delicious",
        "phonetic": "/dɪˈlɪʃəs/",
        "definition": "Ngon",
        "example_sentence": "The food was delicious.",
        "meaning_sentence": "Đồ ăn rất ngon.",
        "audio": "vocab_audio/delicious.mp3"
    }
},
{
    "model": "study.vocabulary",
    "pk": 18,
    "fields": {
        "topic": 2,
        "word": "Recipe",
        "phonetic": "/ˈresəpi/",
        "definition": "Công thức",
        "example_sentence": "Do you have a good recipe for cake?",
        "meaning_sentence": "Bạn có công thức làm bánh nào ngon không?",
        "audio": "vocab_audio/recipe.mp3"
    }
},
{
    "model": "study.vocabulary",
    "pk": 19,
    "fields": {
        "topic": 2,
        "word": "Vegetarian",
        "phonetic": "/ˌvedʒəˈteriən/",
        "definition": "Người ăn chay",
        "example_sentence": "Is he a vegetarian?",
        "meaning_sentence": "Anh ấy có phải là người ăn chay không?",
        "audio": "vocab_audio/vegetarian.mp3"
    }
},
{
    "model": "study.vocabulary",
    "pk": 20,
    "fields": {
        "topic": 2,
        "word": "Spicy",
        "phonetic": "/ˈspaɪsi/",
        "definition": "Cay",
        "example_sentence": "I don't like spicy food.",
        "meaning_sentence": "Tôi không thích đồ ăn cay.",
        "audio": "vocab_audio/spicy.mp3"
    }
},
{
    "model": "study.vocabulary",
    "pk": 21,
    "fields": {
        "topic": 3,
        "word": "Destination",
        "phonetic": "/ˌdestɪˈneɪʃn/",
        "definition": "Điểm đến",
        "example_sentence": "Spain is a popular holiday destination.",
        "meaning_sentence": "Tây Ban Nha là một điểm đến du lịch phổ biến.",
        "audio": "vocab_audio/destination.mp3"
    }
},
{
    "model": "study.vocabulary",
    "pk": 22,
    "fields": {
        "topic": 3,
        "word": "Itinerary",
        "phonetic": "/aɪˈtɪnəreri/",
        "definition": "Hành trình",
        "example_sentence": "The tour operator will provide an itinerary.",
        "meaning_sentence": "Công ty lữ hành sẽ cung cấp một lịch trình.",
        "audio": "vocab_audio/itinerary.mp3"
    }
},
{
    "model": "study.vocabulary",
    "pk": 23,
    "fields": {
        "topic": 3,
        "word": "Accommodation",
        "phonetic": "/əˌkɑːməˈdeɪʃn/",
        "definition": "Chỗ ở",
        "example_sentence": "The hotel provides luxury accommodation.",
        "meaning_sentence": "Khách sạn cung cấp chỗ ở sang trọng.",
        "audio": "vocab_audio/accommodation.mp3"
    }
},
{
    "model": "study.vocabulary",
    "pk": 24,
    "fields": {
        "topic": 3,
        "word": "Passport",
        "phonetic": "/ˈpæspɔːrt/",
        "definition": "Hộ chiếu",
        "example_sentence": "Don't forget your passport!",
        "meaning_sentence": "Đừng quên hộ chiếu của bạn!",
        "audio": "vocab_audio/passport.mp3"
    }
},
{
    "model": "study.vocabulary",
    "pk": 25,
    "fields": {
        "topic": 3,
        "word": "Departure",
        "phonetic": "/dɪˈpɑːrtʃər/",
        "definition": "Khởi hành",
        "example_sentence": "The departure time is 8 AM.",
        "meaning_sentence": "Giờ khởi hành là 8 giờ sáng.",
        "audio": "vocab_audio/departure.mp3"
    }
},
{
    "model": "study.vocabulary",
    "pk": 26,
    "fields": {
        "topic": 3,
        "word": "Arrival",
        "phonetic": "/əˈraɪvl/",
        "definition": "Đến",
        "example_sentence": "We apologize for the late arrival of the train.",
        "meaning_sentence": "Chúng tôi xin lỗi vì đoàn tàu đến muộn.",
        "audio": "vocab_audio/arrival.mp3"
    }
},
{
    "model": "study.vocabulary",
    "pk": 27,
    "fields": {
        "topic": 3,
        "word": "Souvenir",
        "phonetic": "/ˌsuːvəˈnɪr/",
        "definition": "Đồ lưu niệm",
        "example_sentence": "I bought this t-shirt as a souvenir.",
        "meaning_sentence": "Tôi đã mua chiếc áo phông này làm kỷ niệm.",
        "audio": "vocab_audio/souvenir.mp3"
    }
},
{
    "model": "study.vocabulary",
    "pk": 28,
    "fields": {
        "topic": 3,
        "word": "Sightseeing",
        "phonetic": "/ˈsaɪtsiːɪŋ/",
        "definition": "Tham quan",
        "example_sentence": "We did some sightseeing in Paris.",
        "meaning_sentence": "Chúng tôi đã đi tham quan một vài nơi ở Paris.",
        "audio": "vocab_audio/sightseeing.mp3"
    }
},
{
    "model": "study.vocabulary",
    "pk": 29,
    "fields": {
        "topic": 3,
        "word": "Baggage",
        "phonetic": "/ˈbæɡɪdʒ/",
        "definition": "Hành lý",
        "example_sentence": "You can check your baggage here.",
        "meaning_sentence": "Bạn có thể gửi hành lý tại đây.",
        "audio": "vocab_audio/baggage.mp3"
    }
},
{
    "model": "study.vocabulary",
    "pk": 30,
    "fields": {
        "topic": 3,
        "word": "Flight",
        "phonetic": "/flaɪt/",
        "definition": "Chuyến bay",
        "example_sentence": "How was your flight?",
        "meaning_sentence": "Chuyến bay của bạn thế nào?",
        "audio": "vocab_audio/flight.mp3"
    }
},
{
    "model": "study.vocabulary",
    "pk": 31,
    "fields": {
        "topic": 4,
        "word": "Software",
        "phonetic": "/ˈsɔːftwer/",
        "definition": "Phần mềm",
        "example_sentence": "He writes software for mobile phones.",
        "meaning_sentence": "Anh ấy viết phần mềm cho điện thoại di động.",
        "audio": "vocab_audio/software.mp3"
    }
},
{
    "model": "study.vocabulary",
    "pk": 32,
    "fields": {
        "topic": 4,
        "word": "Hardware",
        "phonetic": "/ˈhɑːrdwer/",
        "definition": "Phần cứng",
        "example_sentence": "The computer hardware needs an upgrade.",
        "meaning_sentence": "Phần cứng máy tính cần được nâng cấp.",
        "audio": "vocab_audio/hardware.mp3"
    }
},
{
    "model": "study.vocabulary",
    "pk": 33,
    "fields": {
        "topic": 4,
        "word": "Algorithm",
        "phonetic": "/ˈælɡərɪðəm/",
        "definition": "Thuật toán",
        "example_sentence": "The social media algorithm is complex.",
        "meaning_sentence": "Thuật toán mạng xã hội rất phức tạp.",
        "audio": "vocab_audio/algorithm.mp3"
    }
},
{
    "model": "study.vocabulary",
    "pk": 34,
    "fields": {
        "topic": 4,
        "word": "Database",
        "phonetic": "/ˈdeɪtəbeɪs/",
        "definition": "Cơ sở dữ liệu",
        "example_sentence": "We need to update our customer database.",
        "meaning_sentence": "Chúng ta cần cập nhật cơ sở dữ liệu khách hàng.",
        "audio": "vocab_audio/database.mp3"
    }
},
{
    "model": "study.vocabulary",
    "pk": 35,
    "fields": {
        "topic": 4,
        "word": "Network",
        "phonetic": "/ˈnetwɜːrk/",
        "definition": "Mạng",
        "example_sentence": "The company network is down.",
        "meaning_sentence": "Mạng của công ty đang bị hỏng.",
        "audio": "vocab_audio/network.mp3"
    }
},
{
    "model": "study.vocabulary",
    "pk": 36,
    "fields": {
        "topic": 4,
        "word": "Security",
        "phonetic": "/sɪˈkjʊrəti/",
        "definition": "An ninh",
        "example_sentence": "Internet security is very important.",
        "meaning_sentence": "An ninh mạng rất quan trọng.",
        "audio": "vocab_audio/security.mp3"
    }
},
{
    "model": "study.vocabulary",
    "pk": 37,
    "fields": {
        "topic": 4,
        "word": "Artificial",
        "phonetic": "/ˌɑːrtɪˈfɪʃl/",
        "definition": "Nhân tạo",
        "example_sentence": "Artificial intelligence is growing fast.",
        "meaning_sentence": "Trí tuệ nhân tạo đang phát triển nhanh chóng.",
        "audio": "vocab_audio/artificial.mp3"
    }
},
{
    "model": "study.vocabulary",
    "pk": 38,
    "fields": {
        "topic": 4,
        "word": "Connection",
        "phonetic": "/kəˈnekʃn/",
        "definition": "Sự kết nối",
        "example_sentence": "I have a poor internet connection.",
        "meaning_sentence": "Tôi có kết nối internet kém.",
        "audio": "vocab_audio/connection.mp3"
    }
},
{
    "model": "study.vocabulary",
    "pk": 39,
    "fields": {
        "topic": 4,
        "word": "Device",
        "phonetic": "/dɪˈvaɪs/",
        "definition": "Thiết bị",
        "example_sentence": "This is a very useful device.",
        "meaning_sentence": "Đây là một thiết bị rất hữu ích.",
        "audio": "vocab_audio/device.mp3"
    }
},
{
    "model": "study.vocabulary",
    "pk": 40,
    "fields": {
        "topic": 4,
        "word": "Application",
        "phonetic": "/ˌæplɪˈkeɪʃn/",
        "definition": "Ứng dụng",
        "example_sentence": "I downloaded a new application.",
        "meaning_sentence": "Tôi đã tải xuống một ứng dụng mới.",
        "audio": "vocab_audio/application.mp3"
    }
},
{
    "model": "study.vocabulary",
    "pk": 41,
    "fields": {
        "topic": 5,
        "word": "Curriculum",
        "phonetic": "/kəˈrɪkjələm/",
        "definition": "Chương trình giảng dạy",
        "example_sentence": "The school is changing its curriculum.",
        "meaning_sentence": "Trường học đang thay đổi chương trình giảng dạy.",
        "audio": "vocab_audio/curriculum.mp3"
    }
},
{
    "model": "study.vocabulary",
    "pk": 42,
    "fields": {
        "topic": 5,
        "word": "Scholarship",
        "phonetic": "/ˈskɑːlərʃɪp/",
        "definition": "Học bổng",
        "example_sentence": "She won a scholarship to Harvard.",
        "meaning_sentence": "Cô ấy đã giành được học bổng vào đại học Harvard.",
        "audio": "vocab_audio/scholarship.mp3"
    }
},
{
    "model": "study.vocabulary",
    "pk": 43,
    "fields": {
        "topic": 5,
        "word": "Assignment",
        "phonetic": "/əˈsaɪnmənt/",
        "definition": "Bài tập",
        "example_sentence": "I have a lot of assignments this week.",
        "meaning_sentence": "Tôi có rất nhiều bài tập trong tuần này.",
        "audio": "vocab_audio/assignment.mp3"
    }
},
{
    "model": "study.vocabulary",
    "pk": 44,
    "fields": {
        "topic": 5,
        "word": "Graduate",
        "phonetic": "/ˈɡrædʒueɪt/",
        "definition": "Tốt nghiệp",
        "example_sentence": "He is a graduate of Oxford University.",
        "meaning_sentence": "Anh ấy là người tốt nghiệp đại học Oxford.",
        "audio": "vocab_audio/graduate.mp3"
    }
},
{
    "model": "study.vocabulary",
    "pk": 45,
    "fields": {
        "topic": 5,
        "word": "Lecture",
        "phonetic": "/ˈlektʃər/",
        "definition": "Bài giảng",
        "example_sentence": "I have a history lecture at 10 AM.",
        "meaning_sentence": "Tôi có một bài giảng lịch sử lúc 10 giờ sáng.",
        "audio": "vocab_audio/lecture.mp3"
    }
},
{
    "model": "study.vocabulary",
    "pk": 46,
    "fields": {
        "topic": 5,
        "word": "Tuition",
        "phonetic": "/tuˈɪʃn/",
        "definition": "Học phí",
        "example_sentence": "Tuition fees are rising.",
        "meaning_sentence": "Học phí đang tăng lên.",
        "audio": "vocab_audio/tuition.mp3"
    }
},
{
    "model": "study.vocabulary",
    "pk": 47,
    "fields": {
        "topic": 5,
        "word": "Campus",
        "phonetic": "/ˈkæmpəs/",
        "definition": "Khuôn viên",
        "example_sentence": "The university has a beautiful campus.",
        "meaning_sentence": "Trường đại học có khuôn viên rất đẹp.",
        "audio": "vocab_audio/campus.mp3"
    }
},
{
    "model": "study.vocabulary",
    "pk": 48,
    "fields": {
        "topic": 5,
        "word": "Exam",
        "phonetic": "/ɪɡˈzæm/",
        "definition": "Kỳ thi",
        "example_sentence": "I need to study for my final exam.",
        "meaning_sentence": "Tôi cần học cho kỳ thi cuối kỳ.",
        "audio": "vocab_audio/exam.mp3"
    }
},
{
    "model": "study.vocabulary",
    "pk": 49,
    "fields": {
        "topic": 5,
        "word": "Library",
        "phonetic": "/ˈlaɪbreri/",
        "definition": "Thư viện",
        "example_sentence": "I spend most of my time in the library.",
        "meaning_sentence": "Tôi dành phần lớn thời gian trong thư viện.",
        "audio": "vocab_audio/library.mp3"
    }
},
{
    "model": "study.vocabulary",
    "pk": 50,
    "fields": {
        "topic": 5,
        "word": "Knowledge",
        "phonetic": "/ˈnɑːlɪdʒ/",
        "definition": "Kiến thức",
        "example_sentence": "Knowledge is power.",
        "meaning_sentence": "Kiến thức là sức mạnh.",
        "audio": "vocab_audio/knowledge.mp3"
    }
},
{
    "model": "study.vocabulary",
    "pk": 51,
    "fields": {
        "topic": 6,
        "word": "Salary",
        "phonetic": "/ˈsæləri/",
        "definition": "Lương",
        "example_sentence": "She has a high salary.",
        "meaning_sentence": "Cô ấy có mức lương cao.",
        "audio": "vocab_audio/salary.mp3"
    }
},
{
    "model": "study.vocabulary",
    "pk": 52,
    "fields": {
        "topic": 6,
        "word": "Promotion",
        "phonetic": "/prəˈməʊʃn/",
        "definition": "Thăng tiến",
        "example_sentence": "He is hoping for a promotion.",
        "meaning_sentence": "Anh ấy đang hy vọng được thăng chức.",
        "audio": "vocab_audio/promotion.mp3"
    }
},
{
    "model": "study.vocabulary",
    "pk": 53,
    "fields": {
        "topic": 6,
        "word": "Interview",
        "phonetic": "/ˈɪntərvjuː/",
        "definition": "Phỏng vấn",
        "example_sentence": "I have a job interview tomorrow.",
        "meaning_sentence": "Tôi có một buổi phỏng vấn xin việc vào ngày mai.",
        "audio": "vocab_audio/interview.mp3"
    }
},
{
    "model": "study.vocabulary",
    "pk": 54,
    "fields": {
        "topic": 6,
        "word": "Experience",
        "phonetic": "/ɪkˈspɪəriəns/",
        "definition": "Kinh nghiệm",
        "example_sentence": "Do you have any experience in sales?",
        "meaning_sentence": "Bạn có kinh nghiệm gì trong lĩnh vực bán hàng không?",
        "audio": "vocab_audio/experience.mp3"
    }
},
{
    "model": "study.vocabulary",
    "pk": 55,
    "fields": {
        "topic": 6,
        "word": "Colleague",
        "phonetic": "/ˈkɑːliːɡ/",
        "definition": "Đồng nghiệp",
        "example_sentence": "She is my colleague.",
        "meaning_sentence": "Cô ấy là đồng nghiệp của tôi.",
        "audio": "vocab_audio/colleague.mp3"
    }
},
{
    "model": "study.vocabulary",
    "pk": 56,
    "fields": {
        "topic": 6,
        "word": "Requirement",
        "phonetic": "/rɪˈkwaɪərmənt/",
        "definition": "Yêu cầu",
        "example_sentence": "Fluency in English is a requirement for this job.",
        "meaning_sentence": "Thành thạo tiếng Anh là một yêu cầu cho công việc này.",
        "audio": "vocab_audio/requirement.mp3"
    }
},
{
    "model": "study.vocabulary",
    "pk": 57,
    "fields": {
        "topic": 6,
        "word": "Company",
        "phonetic": "/ˈkʌmpəni/",
        "definition": "Công ty",
        "example_sentence": "He works for a software company.",
        "meaning_sentence": "Anh ấy làm việc cho một công ty phần mềm.",
        "audio": "vocab_audio/company.mp3"
    }
},
{
    "model": "study.vocabulary",
    "pk": 58,
    "fields": {
        "topic": 6,
        "word": "Employment",
        "phonetic": "/ɪmˈplɔɪmənt/",
        "definition": "Công việc",
        "example_sentence": "She is seeking full-time employment.",
        "meaning_sentence": "Cô ấy đang tìm kiếm một công việc toàn thời gian.",
        "audio": "vocab_audio/employment.mp3"
    }
},
{
    "model": "study.vocabulary",
    "pk": 59,
    "fields": {
        "topic": 6,
        "word": "Deadline",
        "phonetic": "/ˈdedlaɪn/",
        "definition": "Thời hạn",
        "example_sentence": "The deadline for the project is Friday.",
        "meaning_sentence": "Hạn chót cho dự án là thứ Sáu.",
        "audio": "vocab_audio/deadline.mp3"
    }
},
{
    "model": "study.vocabulary",
    "pk": 60,
    "fields": {
        "topic": 6,
        "word": "Resign",
        "phonetic": "/rɪˈzaɪn/",
        "definition": "Từ chức",
        "example_sentence": "He decided to resign from his position.",
        "meaning_sentence": "Anh ấy quyết định từ chức.",
        "audio": "vocab_audio/resign.mp3"
    }
},
{
    "model": "study.flashcard",
    "pk": 1,
    "fields": {
        "user": 1,
        "vocabulary": 1,
        "mastery_level": 1,
        "last_reviewed": "2025-12-21T15:15:55.987Z"
    }
},
{
    "model": "study.flashcard",
    "pk": 2,
    "fields": {
        "user": 1,
        "vocabulary": 2,
        "mastery_level": 0,
        "last_reviewed": null
    }
},
{
    "model": "study.flashcard",
    "pk": 3,
    "fields": {
        "user": 1,
        "vocabulary": 3,
        "mastery_level": 0,
        "last_reviewed": "2025-12-20T12:19:26.947Z"
    }
},
{
    "model": "study.flashcard",
    "pk": 4,
    "fields": {
        "user": 1,
        "vocabulary": 4,
        "mastery_level": 0,
        "last_reviewed": null
    }
},
{
    "model": "study.flashcard",
    "pk": 5,
    "fields": {
        "user": 1,
        "vocabulary": 5,
        "mastery_level": 0,
        "last_reviewed": "2025-12-21T07:47:05.720Z"
    }
},
{
    "model": "study.flashcard",
    "pk": 6,
    "fields": {
        "user": 1,
        "vocabulary": 6,
        "mastery_level": 0,
        "last_reviewed": "2025-12-21T07:46:49.822Z"
    }
},
{
    "model": "study.flashcard",
    "pk": 7,
    "fields": {
        "user": 1,
        "vocabulary": 7,
        "mastery_level": 0,
        "last_reviewed": "2025-12-21T15:19:07.997Z"
    }
},
{
    "model": "study.flashcard",
    "pk": 8,
    "fields": {
        "user": 1,
        "vocabulary": 8,
        "mastery_level": 0,
        "last_reviewed": "2025-12-21T07:46:43.687Z"
    }
},
{
    "model": "study.flashcard",
    "pk": 9,
    "fields": {
        "user": 1,
        "vocabulary": 9,
        "mastery_level": 0,
        "last_reviewed": "2025-12-21T07:46:56.342Z"
    }
},
{
    "model": "study.flashcard",
    "pk": 10,
    "fields": {
        "user": 1,
        "vocabulary": 10,
        "mastery_level": 0,
        "last_reviewed": "2025-12-21T15:18:40.983Z"
    }
},
{
    "model": "study.flashcard",
    "pk": 11,
    "fields": {
        "user": 1,
        "vocabulary": 11,
        "mastery_level": 0,
        "last_reviewed": null
    }
},
{
    "model": "study.flashcard",
    "pk": 12,
    "fields": {
        "user": 1,
        "vocabulary": 12,
        "mastery_level": 0,
        "last_reviewed": "2025-12-21T08:41:25.880Z"
    }
},
{
    "model": "study.flashcard",
    "pk": 13,
    "fields": {
        "user": 1,
        "vocabulary": 13,
        "mastery_level": 0,
        "last_reviewed": null
    }
},
{
    "model": "study.flashcard",
    "pk": 14,
    "fields": {
        "user": 1,
        "vocabulary": 14,
        "mastery_level": 0,
        "last_reviewed": null
    }
},
{
    "model": "study.flashcard",
    "pk": 15,
    "fields": {
        "user": 1,
        "vocabulary": 15,
        "mastery_level": 0,
        "last_reviewed": null
    }
},
{
    "model": "study.flashcard",
    "pk": 16,
    "fields": {
        "user": 1,
        "vocabulary": 16,
        "mastery_level": 0,
        "last_reviewed": null
    }
},
{
    "model": "study.flashcard",
    "pk": 17,
    "fields": {
        "user": 1,
        "vocabulary": 17,
        "mastery_level": 0,
        "last_reviewed": null
    }
},
{
    "model": "study.flashcard",
    "pk": 18,
    "fields": {
        "user": 1,
        "vocabulary": 18,
        "mastery_level": 0,
        "last_reviewed": null
    }
},
{
    "model": "study.flashcard",
    "pk": 19,
    "fields": {
        "user": 1,
        "vocabulary": 19,
        "mastery_level": 0,
        "last_reviewed": null
    }
},
{
    "model": "study.flashcard",
    "pk": 20,
    "fields": {
        "user": 1,
        "vocabulary": 20,
        "mastery_level": 0,
        "last_reviewed": null
    }
},
{
    "model": "study.flashcard",
    "pk": 21,
    "fields": {
        "user": 1,
        "vocabulary": 21,
        "mastery_level": 0,
        "last_reviewed": null
    }
},
{
    "model": "study.flashcard",
    "pk": 22,
    "fields": {
        "user": 1,
        "vocabulary": 22,
        "mastery_level": 0,
        "last_reviewed": null
    }
},
{
    "model": "study.flashcard",
    "pk": 23,
    "fields": {
        "user": 1,
        "vocabulary": 23,
        "mastery_level": 0,
        "last_reviewed": null
    }
},
{
    "model": "study.flashcard",
    "pk": 24,
    "fields": {
        "user": 1,
        "vocabulary": 24,
        "mastery_level": 0,
        "last_reviewed": null
    }
},
{
    "model": "study.flashcard",
    "pk": 25,
    "fields": {
        "user": 1,
        "vocabulary": 25,
        "mastery_level": 0,
        "last_reviewed": null
    }
},
{
    "model": "study.flashcard",
    "pk": 26,
    "fields": {
        "user": 1,
        "vocabulary": 26,
        "mastery_level": 0,
        "last_reviewed": null
    }
},
{
    "model": "study.flashcard",
    "pk": 27,
    "fields": {
        "user": 1,
        "vocabulary": 27,
        "mastery_level": 0,
        "last_reviewed": null
    }
},
{
    "model": "study.flashcard",
    "pk": 28,
    "fields": {
        "user": 1,
        "vocabulary": 28,
        "mastery_level": 0,
        "last_reviewed": null
    }
},
{
    "model": "study.flashcard",
    "pk": 29,
    "fields": {
        "user": 1,
        "vocabulary": 29,
        "mastery_level": 0,
        "last_reviewed": null
    }
},
{
    "model": "study.flashcard",
    "pk": 30,
    "fields": {
        "user": 1,
        "vocabulary": 30,
        "mastery_level": 0,
        "last_reviewed": null
    }
},
{
    "model": "study.flashcard",
    "pk": 31,
    "fields": {
        "user": 1,
        "vocabulary": 51,
        "mastery_level": 0,
        "last_reviewed": null
    }
},
{
    "model": "study.flashcard",
    "pk": 32,
    "fields": {
        "user": 1,
        "vocabulary": 52,
        "mastery_level": 0,
        "last_reviewed": null
    }
},
{
    "model": "study.flashcard",
    "pk": 33,
    "fields": {
        "user": 1,
        "vocabulary": 53,
        "mastery_level": 0,
        "last_reviewed": null
    }
},
{
    "model": "study.flashcard",
    "pk": 34,
    "fields": {
        "user": 1,
        "vocabulary": 54,
        "mastery_level": 0,
        "last_reviewed": null
    }
},
{
    "model": "study.flashcard",
    "pk": 35,
    "fields": {
        "user": 1,
        "vocabulary": 55,
        "mastery_level": 0,
        "last_reviewed": null
    }
},
{
    "model": "study.flashcard",
    "pk": 36,
    "fields": {
        "user": 1,
        "vocabulary": 56,
        "mastery_level": 0,
        "last_reviewed": null
    }
},
{
    "model": "study.flashcard",
    "pk": 37,
    "fields": {
        "user": 1,
        "vocabulary": 57,
        "mastery_level": 0,
        "last_reviewed": null
    }
},
{
    "model": "study.flashcard",
    "pk": 38,
    "fields": {
        "user": 1,
        "vocabulary": 58,
        "mastery_level": 0,
        "last_reviewed": null
    }
},
{
    "model": "study.flashcard",
    "pk": 39,
    "fields": {
        "user": 1,
        "vocabulary": 59,
        "mastery_level": 0,
        "last_reviewed": null
    }
},
{
    "model": "study.flashcard",
    "pk": 40,
    "fields": {
        "user": 1,
        "vocabulary": 60,
        "mastery_level": 0,
        "last_reviewed": null
    }
}
]
